run_id,plan_found,plan_cost,plan_length,num_actions_generated,num_evals,num_get_actions_calls,num_goal_tests,num_states_generated,search_time_seconds,num_reexpansions,num_reopenings,num_search_steps
1,true,3.828427,3,24,19,3,4,24,0.0000,0,0,4
2,true,3.414214,3,24,17,3,4,24,0.0000,0,0,4
3,true,2.414214,2,16,14,2,3,16,0.0000,0,0,3
4,true,2.414214,2,16,14,2,3,16,0.0000,0,0,3
5,true,3.828427,3,24,19,3,4,24,0.0000,0,0,4
6,true,2.414214,2,16,14,2,3,16,0.0000,0,0,3
7,true,3.828427,3,24,19,3,4,24,0.0000,0,0,4
8,true,2.414214,2,16,14,2,3,16,0.0000,0,0,3
9,true,1.0,1,8,9,1,2,8,0.0000,0,0,2
10,true,1.0,1,5,6,1,2,5,0.0000,0,0,2
11,true,6.656854,5,39,28,5,6,39,0.0000,0,0,6
12,true,4.0,4,32,18,4,5,32,0.0000,0,0,5
13,true,7.0,7,56,27,7,8,56,0.0000,0,0,8
14,true,7.242641,6,48,30,6,7,48,0.0000,0,0,7
15,true,6.414214,6,48,26,6,7,48,0.0000,0,0,7
16,true,5.242641,4,32,24,4,5,32,0.0000,0,0,5
17,true,7.242641,6,39,25,6,7,39,0.0000,0,0,7
18,true,4.0,4,32,18,4,5,32,0.0000,0,0,5
19,true,5.656854,4,32,24,4,5,32,0.0000,0,0,5
20,true,6.414214,6,45,23,6,7,45,0.0000,0,0,7
21,true,10.414214,10,80,38,10,11,80,0.0000,0,0,11
22,true,11.313708,8,63,43,8,9,63,0.0000,0,0,9
23,true,11.899495,9,68,45,9,10,68,0.0000,0,0,10
24,true,10.899495,8,64,44,8,9,64,0.0000,0,0,9
25,true,10.242641,9,72,39,9,10,72,0.0000,0,0,10
26,true,9.828427,9,65,33,10,11,65,0.0000,0,0,11
27,true,10.414214,10,80,38,10,11,80,0.0000,0,0,11
28,true,10.0,10,80,36,10,11,80,0.0000,0,0,11
29,true,10.485281,8,64,42,8,9,64,0.0000,0,0,9
30,true,12.656854,11,87,45,14,15,87,0.0000,0,0,15
31,true,14.899495,12,96,56,12,13,96,0.0000,0,0,13
32,true,15.485281,13,104,57,13,14,104,0.0000,0,0,14
33,true,15.656854,14,112,56,14,15,112,0.0000,0,0,15
34,true,15.656854,14,112,56,14,15,112,0.0000,0,0,15
35,true,15.071068,13,95,52,13,14,95,0.0000,0,0,14
36,true,14.656854,13,104,53,13,14,104,0.0000,0,0,14
37,true,14.656854,13,92,49,13,14,92,0.0000,0,0,14
38,true,12.828427,12,96,46,12,13,96,0.0000,0,0,13
39,true,15.414214,15,117,50,15,16,117,0.0000,0,0,16
40,true,12.899495,10,80,50,10,11,80,0.0000,0,0,11
41,true,16.727922,13,104,63,13,14,104,0.0000,0,0,14
42,true,18.828427,18,144,64,18,19,144,0.0000,0,0,19
43,true,16.970563,12,96,64,12,13,96,0.0000,0,0,13
44,true,16.485281,14,96,54,14,15,96,0.0000,0,0,15
45,true,19.828427,19,152,67,19,20,152,0.0001,0,0,20
46,true,19.384776,14,109,71,14,15,109,0.0000,0,0,15
47,true,16.071068,14,112,58,14,15,112,0.0001,0,0,15
48,true,18.656854,17,136,65,17,18,136,0.0000,0,0,18
49,true,19.899495,17,135,70,17,18,135,0.0000,0,0,18
50,true,16.142136,12,96,62,12,13,96,0.0000,0,0,13
51,true,23.79899,18,141,85,18,19,141,0.0000,0,0,19
52,true,24.485281,22,144,71,23,24,144,0.0000,0,0,24
53,true,21.556349,17,135,78,17,18,135,0.0000,0,0,18
54,true,23.071068,21,168,79,21,22,168,0.0000,0,0,22
55,true,23.242641,22,176,78,22,23,176,0.0000,0,0,23
56,true,22.142136,18,131,75,18,19,131,0.0000,0,0,19
57,true,20.313708,17,134,71,17,18,134,0.0000,0,0,18
58,true,22.899495,20,160,80,20,21,160,0.0000,0,0,21
59,true,21.142136,17,128,73,17,18,128,0.0000,0,0,18
60,true,23.727922,20,160,84,20,21,160,0.0000,0,0,21
61,true,25.627417,19,152,95,19,20,152,0.0001,0,0,20
62,true,25.142136,21,165,86,21,22,165,0.0000,0,0,22
63,true,35.455844,28,420,190,60,61,420,0.0001,0,0,61
64,true,24.0,24,192,78,24,25,192,0.0001,0,0,25
65,true,24.899495,22,176,86,22,23,176,0.0001,0,0,23
66,true,27.414214,27,216,89,27,28,216,0.0001,0,0,28
67,true,27.384776,22,176,98,22,23,176,0.0001,0,0,23
68,true,26.071068,24,166,76,26,27,166,0.0000,0,0,27
69,true,28.970563,24,183,94,27,28,183,0.0001,0,0,28
70,true,27.627417,21,166,99,21,22,166,0.0001,0,0,22
71,true,28.828427,28,224,94,28,29,224,0.0001,0,0,29
72,true,35.79899,30,236,115,38,39,236,0.0001,0,0,39
73,true,28.556349,24,192,100,24,25,192,0.0001,0,0,25
74,true,29.828427,29,219,91,30,31,219,0.0001,0,0,31
75,true,31.242641,30,225,97,30,31,225,0.0001,0,0,31
76,true,32.970563,28,393,160,58,59,393,0.0001,0,0,59
77,true,30.727922,27,204,100,28,29,204,0.0001,0,0,29
78,true,28.041631,21,168,103,21,22,168,0.0001,0,0,22
79,true,29.142136,25,200,101,25,26,200,0.0001,0,0,26
80,true,28.313708,25,200,97,25,26,200,0.0001,0,0,26
81,true,33.414214,33,264,107,33,34,264,0.0001,0,0,34
82,true,37.313708,34,198,94,36,37,198,0.0001,0,0,37
83,true,32.213203,26,208,114,26,27,208,0.0001,0,0,27
84,true,33.556349,29,232,115,29,30,232,0.0001,0,0,30
85,true,35.941125,26,208,132,26,27,208,0.0001,0,0,27
86,true,35.213203,29,232,123,29,30,232,0.0001,0,0,30
87,true,33.79899,28,214,114,28,29,214,0.0001,0,0,29
88,true,33.284271,25,200,121,25,26,200,0.0001,0,0,26
89,true,34.970563,30,197,102,31,32,197,0.0001,0,0,32
90,true,34.941125,25,200,129,25,26,200,0.0001,0,0,26
91,true,37.313708,34,272,124,34,35,272,0.0001,0,0,35
92,true,39.0,39,312,123,39,40,312,0.0001,0,0,40
93,true,39.526912,30,235,139,30,31,235,0.0001,0,0,31
94,true,36.656854,35,280,119,35,36,280,0.0001,0,0,36
95,true,39.213203,33,326,151,46,47,326,0.0001,0,0,47
96,true,37.071068,35,280,121,35,36,280,0.0001,0,0,36
97,true,36.414214,36,288,116,36,37,288,0.0001,0,0,37
98,true,39.656854,38,304,128,38,39,304,0.0001,0,0,39
99,true,36.870058,29,227,128,29,30,227,0.0001,0,0,30
100,true,39.041631,32,246,130,33,34,246,0.0001,0,0,34
101,true,45.284271,37,263,140,41,42,263,0.0001,0,0,42
102,true,42.213203,36,288,144,36,37,288,0.0001,0,0,37
103,true,43.426407,31,248,159,31,32,248,0.0001,0,0,32
104,true,44.142136,40,250,118,42,43,250,0.0001,0,0,43
105,true,43.698485,35,280,153,35,36,280,0.0001,0,0,36
106,true,43.656854,42,336,140,42,43,336,0.0001,0,0,43
107,true,43.183766,32,256,156,32,33,256,0.0001,0,0,33
108,true,40.79899,35,672,249,93,94,672,0.0002,0,0,94
109,true,44.142136,40,230,108,42,43,230,0.0001,0,0,43
110,true,41.899495,39,312,137,39,40,312,0.0001,0,0,40
111,true,44.727922,41,325,144,41,42,325,0.0001,0,0,42
112,true,45.727922,42,453,182,69,70,453,0.0001,0,0,70
113,true,44.870058,37,286,149,38,39,286,0.0001,0,0,39
114,true,45.84062,33,264,167,33,34,264,0.0001,0,0,34
115,true,54.012193,42,867,362,119,120,867,0.0002,0,0,120
116,true,46.79899,41,304,145,43,44,304,0.0001,0,0,44
117,true,45.870058,38,257,139,40,41,257,0.0001,0,0,41
118,true,46.769553,36,288,166,36,37,288,0.0001,0,0,37
119,true,45.526912,36,288,160,36,37,288,0.0001,0,0,37
120,true,46.455844,39,248,132,40,41,248,0.0001,0,0,41
121,true,50.669048,37,293,180,37,38,293,0.0001,0,0,38
122,true,53.556349,49,377,165,52,53,377,0.0002,0,0,53
123,true,50.213203,44,345,165,44,45,345,0.0001,0,0,45
124,true,51.727922,48,384,168,48,49,384,0.0001,0,0,49
125,true,51.485281,49,389,162,49,50,389,0.0001,0,0,50
126,true,48.041631,41,328,163,41,42,328,0.0001,0,0,42
127,true,52.455844,45,308,151,48,49,308,0.0002,0,0,49
128,true,51.627417,45,316,153,47,48,316,0.0001,0,0,48
129,true,57.59798,46,365,194,51,52,365,0.0001,0,0,52
130,true,50.083261,36,288,182,36,37,288,0.0001,0,0,37
131,true,57.112698,48,831,315,121,122,831,0.0002,0,0,122
132,true,55.627417,49,410,185,59,60,410,0.0001,0,0,60
133,true,55.899495,53,423,178,53,54,423,0.0001,0,0,54
134,true,64.941125,55,1235,478,175,176,1235,0.0003,0,0,176
135,true,52.59798,41,326,183,41,42,326,0.0002,0,0,42
136,true,55.828427,55,435,170,55,56,435,0.0001,0,0,56
137,true,62.769553,52,4042,1200,541,542,4042,0.0009,0,0,542
138,true,58.142136,54,400,174,56,57,400,0.0001,0,0,57
139,true,55.012193,43,319,181,44,45,319,0.0001,0,0,45
140,true,54.083261,40,309,189,40,41,309,0.0001,0,0,41
141,true,57.59798,46,317,178,47,48,317,0.0001,0,0,48
142,true,60.112698,51,352,179,53,54,352,0.0001,0,0,54
143,true,59.254834,46,351,203,46,47,351,0.0001,0,0,47
144,true,59.455844,52,397,187,56,57,397,0.0001,0,0,57
145,true,57.325902,42,330,202,42,43,330,0.0001,0,0,43
146,true,60.083261,46,1501,560,204,205,1501,0.0004,0,0,205
147,true,56.698485,48,365,185,48,49,365,0.0001,0,0,49
148,true,58.213203,52,411,189,52,53,411,0.0001,0,0,53
149,true,70.254834,57,1653,644,225,226,1653,0.0004,0,0,226
150,true,58.355339,48,442,210,64,65,442,0.0001,0,0,65
151,true,70.941125,61,717,300,112,113,717,0.0002,0,0,113
152,true,67.041631,60,1155,442,164,165,1155,0.0003,0,0,165
153,true,68.769553,58,7347,2478,976,977,7347,0.0015,0,0,977
154,true,63.941125,54,358,181,59,60,358,0.0001,0,0,60
155,true,60.84062,48,2450,822,325,326,2450,0.0005,0,0,326
156,true,61.727922,58,447,193,58,59,447,0.0001,0,0,59
157,true,79.982756,63,1709,675,241,242,1709,0.0004,0,0,242
158,true,63.526912,54,629,281,86,87,629,0.0002,0,0,87
159,true,69.012193,57,1107,450,155,156,1107,0.0003,0,0,156
160,true,63.355339,53,1726,602,230,231,1726,0.0004,0,0,231
161,true,71.213203,65,3603,993,482,483,3603,0.0008,0,0,483
162,true,69.325902,54,390,225,57,58,390,0.0002,0,0,58
163,true,69.526912,60,402,200,62,63,402,0.0001,0,0,63
164,true,66.84062,54,5749,1628,760,761,5749,0.0011,0,0,761
165,true,67.254834,54,406,216,58,59,406,0.0001,0,0,59
166,true,66.213203,60,7483,2503,990,991,7483,0.0015,0,0,991
167,true,67.254834,54,432,232,54,55,432,0.0001,0,0,55
168,true,72.083261,58,558,268,84,85,558,0.0002,0,0,85
169,true,70.669048,57,381,205,60,61,381,0.0001,0,0,61
170,true,70.84062,58,519,249,77,78,519,0.0001,0,0,78
171,true,73.426407,61,417,217,66,67,417,0.0001,0,0,67
172,true,68.811183,51,396,239,51,52,396,0.0001,0,0,52
173,true,70.497475,56,401,224,57,58,401,0.0001,0,0,58
174,true,71.84062,59,472,245,59,60,472,0.0001,0,0,60
175,true,78.254834,65,630,293,96,97,630,0.0002,0,0,97
176,true,69.012193,57,432,224,58,59,432,0.0001,0,0,59
177,true,69.941125,60,455,221,62,63,455,0.0001,0,0,63
178,true,72.556349,68,417,179,75,76,417,0.0001,0,0,76
179,true,70.455844,63,485,220,65,66,485,0.0001,0,0,66
180,true,71.556349,67,9390,2151,1232,1233,9390,0.0018,0,0,1233
181,true,76.112698,67,15633,3663,2068,2069,15633,0.0031,0,0,2069
182,true,81.59798,70,498,238,82,83,498,0.0002,0,0,83
183,true,80.941125,71,457,216,77,78,457,0.0001,0,0,78
184,true,83.183766,72,17938,5006,2360,2361,17938,0.0036,0,0,2361
185,true,72.899495,70,8658,1683,1134,1135,8658,0.0015,0,0,1135
186,true,77.627417,71,2566,809,343,344,2566,0.0006,0,0,344
187,true,92.154329,76,905,377,135,136,905,0.0002,0,0,136
188,true,77.769553,67,812,346,124,125,812,0.0002,0,0,125
189,true,82.325902,67,499,258,76,77,499,0.0002,0,0,77
190,true,78.284271,70,16997,4361,2237,2238,16997,0.0033,0,0,2238
191,true,80.970563,76,550,233,79,80,550,0.0002,0,0,80
192,true,86.84062,74,897,387,128,129,897,0.0002,0,0,129
193,true,77.355339,67,536,257,67,68,536,0.0002,0,0,68
194,true,79.284271,71,568,259,71,72,568,0.0002,0,0,72
195,true,80.526912,71,13682,3873,1779,1780,13682,0.0027,0,0,1780
196,true,79.627417,73,10201,2348,1333,1334,10201,0.0019,0,0,1334
197,true,78.982756,62,2106,805,283,284,2106,0.0004,0,0,284
198,true,81.254834,68,2563,781,346,347,2563,0.0006,0,0,347
199,true,78.727922,75,516,214,78,79,516,0.0001,0,0,79
200,true,80.79899,75,473,209,80,81,473,0.0001,0,0,81
201,true,86.669048,73,2658,1027,357,358,2658,0.0006,0,0,358
202,true,83.012193,71,539,263,72,73,539,0.0002,0,0,73
203,true,83.982756,67,523,284,67,68,523,0.0002,0,0,68
204,true,176.4386,152,25063,6418,3280,3281,25063,0.005,0,0,3281
205,true,86.012193,74,574,267,82,83,574,0.0002,0,0,83
206,true,83.083261,69,527,268,71,72,527,0.0002,0,0,72
207,true,91.497475,77,4648,1778,625,626,4648,0.001,0,0,626
208,true,84.012193,72,468,235,75,76,468,0.0001,0,0,76
209,true,85.982756,69,541,283,75,76,541,0.0002,0,0,76
210,true,83.254834,70,555,275,70,71,555,0.0002,0,0,71
211,true,187.852814,163,9237,3123,1228,1229,9237,0.0019,0,0,1229
212,true,88.769553,78,2251,749,314,315,2251,0.0005,0,0,315
213,true,89.941125,80,29375,6537,3857,3858,29375,0.0057,0,0,3858
214,true,87.455844,80,562,252,82,83,562,0.0002,0,0,83
215,true,168.811183,151,11650,3652,1536,1537,11650,0.0023,0,0,1537
216,true,87.083261,73,11306,3475,1487,1488,11306,0.0023,0,0,1488
217,true,88.568542,72,808,372,109,110,808,0.0002,0,0,110
218,true,90.669048,77,7554,2685,994,995,7554,0.0016,0,0,995
219,true,87.154329,71,528,280,72,73,528,0.0002,0,0,73
220,true,92.154329,76,538,280,82,83,538,0.0002,0,0,83
221,true,125.39697,108,5807,2155,779,780,5807,0.0013,0,0,780
222,true,94.669048,81,24399,6776,3169,3170,24399,0.0048,0,0,3170
223,true,102.154329,86,904,388,136,137,904,0.0002,0,0,137
224,true,92.112698,83,636,283,87,88,636,0.0002,0,0,88
225,true,97.497475,83,5177,1874,688,689,5177,0.0011,0,0,689
226,true,100.355339,90,1091,446,153,154,1091,0.0003,0,0,154
227,true,94.367532,72,540,307,79,80,540,0.0002,0,0,80
228,true,93.63961,75,552,295,81,82,552,0.0002,0,0,82
229,true,102.63961,84,5118,1637,688,689,5118,0.001,0,0,689
230,true,91.539105,70,555,315,72,73,555,0.0002,0,0,73
231,true,94.941125,85,3455,1186,466,467,3455,0.0007,0,0,467
232,true,104.195959,81,2571,1081,349,350,2571,0.0006,0,0,350
233,true,98.781746,76,13922,4498,1817,1818,13922,0.0028,0,0,1818
234,true,94.267027,69,541,328,71,72,541,0.0002,0,0,72
235,true,93.367532,71,518,306,72,73,518,0.0002,0,0,73
236,true,107.63961,89,792,365,121,122,792,0.0002,0,0,122
237,true,113.63961,95,813,372,124,125,813,0.0003,0,0,125
238,true,113.296465,93,1870,764,260,261,1870,0.0005,0,0,261
239,true,110.083261,96,1906,745,263,264,1906,0.0005,0,0,264
240,true,102.669048,89,986,423,148,149,986,0.0003,0,0,149
241,true,100.882251,81,614,328,82,83,614,0.0002,0,0,83
242,true,98.710678,78,561,311,80,81,561,0.0002,0,0,81
243,true,98.39697,81,578,301,85,86,578,0.0002,0,0,86
244,true,110.84062,98,848,361,126,127,848,0.0002,0,0,127
245,true,102.254834,89,10105,3363,1324,1325,10105,0.002,0,0,1325
246,true,138.124892,117,10953,3638,1444,1445,10953,0.0022,0,0,1445
247,true,98.355339,88,701,317,88,89,701,0.0002,0,0,89
248,true,98.142136,94,2853,1072,377,378,2853,0.0006,0,0,378
249,true,98.455844,91,721,310,92,93,721,0.0002,0,0,93
250,true,97.195959,74,2115,847,283,284,2115,0.0005,0,0,284
251,true,105.568542,89,680,336,94,95,680,0.0002,0,0,95
252,true,103.4386,79,620,354,80,81,620,0.0002,0,0,81
253,true,109.982756,93,776,360,115,116,776,0.0002,0,0,116
254,true,155.852814,131,12235,4377,1603,1604,12235,0.0025,0,0,1604
255,true,105.041631,98,2853,1094,389,390,2853,0.0006,0,0,390
256,true,119.296465,99,8947,3113,1189,1190,8947,0.0019,0,0,1190
257,true,112.012193,100,1035,442,147,148,1035,0.0003,0,0,148
258,true,122.539105,101,2519,1007,343,344,2519,0.0006,0,0,344
259,true,107.669048,94,2845,960,400,401,2845,0.0006,0,0,401
260,true,167.982756,151,5284,1692,728,729,5284,0.0011,0,0,729
261,true,107.84062,95,756,334,114,115,756,0.0002,0,0,115
262,true,104.982756,88,13935,4858,1818,1819,13935,0.0028,0,0,1819
263,true,114.710678,94,2970,1086,414,415,2970,0.0007,0,0,415
264,true,107.539105,86,653,347,91,92,653,0.0002,0,0,92
265,true,110.63961,92,25785,6413,3377,3378,25785,0.0053,0,0,3378
266,true,109.325902,94,2692,1020,366,367,2692,0.0006,0,0,367
267,true,106.497475,92,11688,3764,1524,1525,11688,0.0024,0,0,1525
268,true,203.994949,175,8173,2845,1095,1096,8173,0.0017,0,0,1096
269,true,196.208153,161,19322,6037,2513,2514,19322,0.0039,0,0,2514
270,true,110.325902,95,2910,1046,408,409,2910,0.0006,0,0,409
271,true,122.781746,100,2044,855,283,284,2044,0.0005,0,0,284
272,true,136.580736,108,19371,6147,2515,2516,19371,0.0038,0,0,2516
273,true,111.710678,91,15201,5400,1988,1989,15201,0.003,0,0,1989
274,true,108.526912,99,782,343,99,100,782,0.0002,0,0,100
275,true,116.63961,98,1139,466,171,172,1139,0.0003,0,0,172
276,true,111.911688,97,3238,1044,439,440,3238,0.0007,0,0,440
277,true,116.183766,105,9620,3312,1276,1277,9620,0.002,0,0,1277
278,true,168.965512,135,14646,4986,1912,1913,14646,0.003,0,0,1913
279,true,114.355339,104,690,308,116,117,690,0.0002,0,0,117
280,true,112.154329,96,6878,2188,910,911,6878,0.0014,0,0,911
281,true,140.325902,125,1111,464,166,167,1111,0.0003,0,0,167
282,true,124.124892,103,1681,705,233,234,1681,0.0004,0,0,234
283,true,153.024387,129,14685,4838,1921,1922,14685,0.003,0,0,1922
284,true,200.379726,166,22320,7087,2907,2908,22320,0.0046,0,0,2908
285,true,117.710678,97,666,352,100,101,666,0.0002,0,0,101
286,true,152.953319,131,7623,2420,1009,1010,7623,0.0016,0,0,1010
287,true,158.982756,142,11554,3725,1526,1527,11554,0.0024,0,0,1527
288,true,117.740115,102,24087,4208,3177,3178,24087,0.0042,0,0,3178
289,true,115.195959,92,11472,3963,1498,1499,11472,0.0024,0,0,1499
290,true,116.355339,106,1038,434,144,145,1038,0.0003,0,0,145
291,true,121.367532,99,669,361,102,103,669,0.0002,0,0,103
292,true,128.225397,110,1319,578,199,200,1319,0.0004,0,0,200
293,true,120.651804,90,679,405,92,93,679,0.0003,0,0,93
294,true,122.752309,95,757,419,100,101,757,0.0003,0,0,101
295,true,129.095454,103,19426,6909,2519,2520,19426,0.0039,0,0,2520
296,true,146.083261,132,6437,2113,865,866,6437,0.0013,0,0,866
297,true,119.154329,103,19465,4697,2526,2527,19465,0.0035,0,0,2527
298,true,131.225397,113,2691,1044,374,375,2691,0.0006,0,0,375
299,true,126.539105,105,6722,2162,889,890,6722,0.0013,0,0,890
300,true,134.509668,108,9853,3654,1294,1295,9853,0.0021,0,0,1295
301,true,131.024387,107,11100,3816,1455,1456,11100,0.0023,0,0,1456
302,true,151.610173,128,25908,7324,3396,3397,25908,0.0051,0,0,3397
303,true,205.622366,170,18309,5891,2383,2384,18309,0.0038,0,0,2384
304,true,129.681241,104,24611,8652,3186,3187,24611,0.005,0,0,3187
305,true,127.225397,109,821,391,119,120,821,0.0003,0,0,120
306,true,133.852814,109,4072,1569,547,548,4072,0.0009,0,0,548
307,true,149.024387,125,5805,2087,777,778,5805,0.0012,0,0,778
308,true,120.994949,92,4466,1709,597,598,4466,0.001,0,0,598
309,true,134.367532,112,7195,2762,951,952,7195,0.0016,0,0,952
310,true,141.752309,114,943,463,144,145,943,0.0003,0,0,145
311,true,126.923882,100,23415,7961,3027,3028,23415,0.0047,0,0,3028
312,true,131.681241,106,24244,7283,3176,3177,24244,0.0049,0,0,3177
313,true,234.521861,196,19336,6047,2514,2515,19336,0.0039,0,0,2515
314,true,128.4386,104,770,410,106,107,770,0.0002,0,0,107
315,true,140.195959,117,1712,704,255,256,1712,0.0004,0,0,256
316,true,139.468037,120,9500,3645,1252,1253,9500,0.002,0,0,1253
317,true,127.610173,104,739,393,106,107,739,0.0002,0,0,107
318,true,141.781746,119,19013,5002,2518,2519,19013,0.0038,0,0,2519
319,true,144.740115,129,16376,4109,2140,2141,16376,0.0032,0,0,2141
320,true,138.4386,114,2706,1113,368,369,2706,0.0007,0,0,369
321,true,150.610173,127,1793,716,267,268,1793,0.0004,0,0,268
322,true,137.953319,116,13918,4796,1840,1841,13918,0.0028,0,0,1841
323,true,132.338095,105,19168,6349,2500,2501,19168,0.0039,0,0,2501
324,true,144.953319,123,1923,759,283,284,1923,0.0004,0,0,284
325,true,136.124892,115,21100,5210,2765,2766,21100,0.0041,0,0,2766
326,true,131.941125,122,1091,452,149,150,1091,0.0003,0,0,150
327,true,191.450793,155,19448,6434,2531,2532,19448,0.004,0,0,2532
328,true,133.083261,119,2657,1004,363,364,2657,0.0006,0,0,364
329,true,132.367532,110,9490,3356,1254,1255,9490,0.0019,0,0,1255
330,true,132.4386,108,18312,3876,2380,2381,18312,0.0032,0,0,2381
331,true,144.112698,135,1315,533,182,183,1315,0.0004,0,0,183
332,true,157.166522,129,1844,788,273,274,1844,0.0005,0,0,274
333,true,145.539105,124,1417,602,212,213,1417,0.0004,0,0,213
334,true,139.325902,124,2279,789,327,328,2279,0.0005,0,0,328
335,true,178.4386,154,2153,814,329,330,2153,0.0006,0,0,330
336,true,143.852814,119,13760,4863,1796,1797,13760,0.0028,0,0,1797
337,true,139.811183,122,2764,1076,402,403,2764,0.0006,0,0,403
338,true,152.195959,129,4905,1909,658,659,4905,0.0011,0,0,659
339,true,138.426407,126,3236,1259,441,442,3236,0.0007,0,0,442
340,true,139.053824,120,3241,1273,437,438,3241,0.0007,0,0,438
341,true,141.095454,115,34948,7446,4607,4608,34948,0.0067,0,0,4608
342,true,147.296465,127,1112,498,156,157,1112,0.0003,0,0,157
343,true,144.84062,132,1587,626,223,224,1587,0.0004,0,0,224
344,true,140.225397,122,17482,4932,2309,2310,17482,0.0034,0,0,2310
345,true,139.994949,111,5421,1920,723,724,5421,0.0012,0,0,724
346,true,251.07821,208,18346,5817,2398,2399,18346,0.0038,0,0,2399
347,true,149.409163,120,13911,4837,1815,1816,13911,0.0028,0,0,1816
348,true,171.308658,139,6729,2234,890,891,6729,0.0015,0,0,891
349,true,190.936075,152,8549,3026,1139,1140,8549,0.0018,0,0,1140
350,true,143.367532,121,8110,2712,1073,1074,8110,0.0016,0,0,1074
351,true,158.267027,133,9237,3226,1224,1225,9237,0.0019,0,0,1225
352,true,148.325902,133,5293,1924,703,704,5293,0.0011,0,0,704
353,true,150.781746,128,2880,1083,400,401,2880,0.0007,0,0,401
354,true,200.166522,172,11165,3723,1487,1488,11165,0.0023,0,0,1488
355,true,145.183766,134,1037,437,151,152,1037,0.0003,0,0,152
356,true,152.63961,134,1594,673,217,218,1594,0.0004,0,0,218
357,true,143.4386,119,19343,5990,2523,2524,19343,0.0038,0,0,2524
358,true,159.095454,133,2108,846,307,308,2108,0.0005,0,0,308
359,true,146.308658,114,998,523,135,136,998,0.0003,0,0,136
360,true,146.083261,132,15640,3361,2044,2045,15640,0.0027,0,0,2045
361,true,165.681241,140,20391,5410,2693,2694,20391,0.0042,0,0,2694
362,true,151.083261,137,8222,2938,1075,1076,8222,0.0016,0,0,1076
363,true,161.710678,141,2598,1015,356,357,2598,0.0006,0,0,357
364,true,147.994949,119,11202,3709,1460,1461,11202,0.0023,0,0,1461
365,true,171.338095,144,3571,1414,483,484,3571,0.0008,0,0,484
366,true,151.722871,119,4934,1825,660,661,4934,0.0011,0,0,661
367,true,180.379726,146,16417,5463,2168,2169,16417,0.0034,0,0,2169
368,true,288.421356,247,37339,9807,4912,4913,37339,0.0076,0,0,4913
369,true,158.267027,133,11005,3780,1472,1473,11005,0.0024,0,0,1473
370,true,197.249783,155,7594,2792,1016,1017,7594,0.0016,0,0,1017
371,true,160.195959,137,3826,1462,515,516,3826,0.0008,0,0,516
372,true,159.124892,138,1403,615,194,195,1403,0.0004,0,0,195
373,true,160.166522,132,1576,707,232,233,1576,0.0004,0,0,233
374,true,154.4386,130,952,470,138,139,952,0.0003,0,0,139
375,true,153.769553,143,2883,1071,396,397,2883,0.0007,0,0,397
376,true,151.137085,118,910,505,119,120,910,0.0003,0,0,120
377,true,174.279221,137,20189,6349,2633,2634,20189,0.0042,0,0,2634
378,true,169.053824,150,2998,1173,424,425,2998,0.0007,0,0,425
379,true,151.338095,124,2933,1071,396,397,2933,0.0006,0,0,397
380,true,151.539105,130,3871,1456,524,525,3871,0.0009,0,0,525
381,true,157.580736,129,10781,4117,1410,1411,10781,0.0022,0,0,1411
382,true,174.480231,143,4422,1731,602,603,4422,0.0009,0,0,603
383,true,175.63961,157,1917,777,278,279,1917,0.0006,0,0,279
384,true,155.622366,120,7056,2637,929,930,7056,0.0017,0,0,930
385,true,163.03658,127,922,508,137,138,922,0.0003,0,0,138
386,true,162.137085,129,1004,531,140,141,1004,0.0003,0,0,141
387,true,162.865007,126,947,525,134,135,947,0.0003,0,0,135
388,true,163.053824,144,1562,649,228,229,1562,0.0004,0,0,229
389,true,160.23759,130,6489,2370,871,872,6489,0.0015,0,0,872
390,true,190.480231,159,3600,1313,502,503,3600,0.0008,0,0,503
391,true,188.308658,156,3444,1376,482,483,3444,0.0009,0,0,483
392,true,164.267027,139,18106,5997,2370,2371,18106,0.0036,0,0,2371
393,true,199.965512,166,3654,1472,503,504,3654,0.0008,0,0,504
394,true,163.367532,141,1085,504,161,162,1085,0.0003,0,0,162
395,true,164.024387,140,3305,1348,462,463,3305,0.0008,0,0,463
396,true,219.764502,180,20104,6805,2616,2617,20104,0.0042,0,0,2617
397,true,171.254834,158,1352,549,190,191,1352,0.0004,0,0,191
398,true,178.379726,144,24514,6486,3234,3235,24514,0.005,0,0,3235
399,true,176.066017,145,1587,714,233,234,1587,0.0005,0,0,234
400,true,182.308658,150,4605,1775,623,624,4605,0.0011,0,0,624
401,true,165.409163,136,978,507,141,142,978,0.0003,0,0,142
402,true,167.865007,131,1249,634,175,176,1249,0.0004,0,0,176
403,true,167.953319,146,1313,587,200,201,1313,0.0004,0,0,201
404,true,207.865007,171,25067,8187,3272,3273,25067,0.0054,0,0,3273
405,true,225.480231,194,7273,2642,998,999,7273,0.0021,0,0,999
406,true,177.509668,151,15813,5073,2091,2092,15813,0.0042,0,0,2092
407,true,198.509668,172,3212,1183,473,474,3212,0.001,0,0,474
408,true,178.267027,153,1950,786,291,292,1950,0.0006,0,0,292
409,true,200.793939,166,7794,2916,1051,1052,7794,0.0023,0,0,1052
410,true,168.112698,159,8922,3300,1180,1181,8922,0.0018,0,0,1181
411,true,188.308658,156,5496,2122,738,739,5496,0.0013,0,0,739
412,true,194.066017,163,3416,1251,477,478,3416,0.0008,0,0,478
413,true,262.563492,217,18660,6984,2454,2455,18660,0.0041,0,0,2455
414,true,183.480231,152,3226,1372,450,451,3226,0.0008,0,0,451
415,true,175.580736,147,5000,1774,686,687,5000,0.0011,0,0,687
416,true,199.279221,162,2349,970,345,346,2349,0.0006,0,0,346
417,true,173.710678,153,5892,2176,786,787,5892,0.0013,0,0,787
418,true,177.793939,143,3270,1405,452,453,3270,0.0008,0,0,453
419,true,203.178716,163,5693,2153,771,772,5693,0.0015,0,0,772
420,true,185.03658,149,21639,7523,2803,2804,21639,0.0056,0,0,2804
421,true,184.722871,152,2002,833,298,299,2002,0.0007,0,0,299
422,true,200.23759,170,25151,7887,3296,3297,25151,0.0061,0,0,3297
423,true,197.551299,164,6829,2658,930,931,6829,0.0015,0,0,931
424,true,174.053824,155,4963,1865,682,683,4963,0.0011,0,0,683
425,true,172.769553,162,1416,581,195,196,1416,0.0004,0,0,196
426,true,177.752309,150,1449,645,209,210,1449,0.0004,0,0,210
427,true,178.994949,150,16419,5925,2159,2160,16419,0.0034,0,0,2160
428,true,178.137085,145,1082,566,152,153,1082,0.0003,0,0,153
429,true,187.852814,163,15451,4942,2050,2051,15451,0.0034,0,0,2051
430,true,188.450793,152,21812,5831,2893,2894,21812,0.0057,0,0,2894
431,true,180.580736,152,3226,1360,454,455,3226,0.001,0,0,455
432,true,309.249783,267,30889,7898,4067,4068,30889,0.007,0,0,4068
433,true,262.705627,213,19009,6641,2500,2501,19009,0.004,0,0,2501
434,true,182.23759,152,1060,540,162,163,1060,0.0003,0,0,163
435,true,185.379726,151,5400,2134,725,726,5400,0.0012,0,0,726
436,true,173.923882,147,23778,5788,3135,3136,23778,0.0052,0,0,3136
437,true,180.308658,148,2851,1157,403,404,2851,0.0009,0,0,404
438,true,183.249783,141,1176,637,169,170,1176,0.0006,0,0,170
439,true,190.267027,165,4915,1708,692,693,4915,0.0014,0,0,693
440,true,178.107648,140,2008,894,284,285,2008,0.0007,0,0,285
441,true,201.066017,170,2823,1083,423,424,2823,0.0009,0,0,424
442,true,193.923882,167,16319,5407,2155,2156,16319,0.0042,0,0,2156
443,true,206.580736,178,3277,1312,479,480,3277,0.0008,0,0,480
444,true,199.107648,161,16636,6370,2170,2171,16636,0.0034,0,0,2171
445,true,185.84062,173,9897,3634,1301,1302,9897,0.002,0,0,1302
446,true,192.982756,176,1535,651,226,227,1535,0.0004,0,0,227
447,true,187.325902,172,4258,1613,574,575,4258,0.001,0,0,575
448,true,180.982756,164,3257,1236,443,444,3257,0.0008,0,0,444
449,true,184.409163,155,2213,935,311,312,2213,0.0006,0,0,312
450,true,195.4386,171,3820,1502,531,532,3820,0.0009,0,0,532
451,true,185.941125,176,1497,598,209,210,1497,0.0004,0,0,210
452,true,203.965512,170,24121,6902,3174,3175,24121,0.006,0,0,3175
453,true,187.267027,162,1257,595,168,169,1257,0.0005,0,0,169
454,true,185.936075,147,1285,663,183,184,1285,0.0005,0,0,184
455,true,224.279221,187,5091,1977,703,704,5091,0.0015,0,0,704
456,true,193.367532,171,12799,3783,1704,1705,12799,0.0031,0,0,1705
457,true,222.592929,182,3318,1319,467,468,3318,0.0011,0,0,468
458,true,218.007143,177,2146,966,317,318,2146,0.0008,0,0,318
459,true,189.421356,148,1144,621,160,161,1144,0.0004,0,0,161
460,true,221.409163,192,12122,4340,1628,1629,12122,0.0026,0,0,1629
461,true,210.066017,179,2945,1158,423,424,2945,0.0008,0,0,424
462,true,193.882251,174,1352,600,183,184,1352,0.0004,0,0,184
463,true,192.906638,149,1431,738,208,209,1431,0.0005,0,0,209
464,true,188.781746,166,19783,4865,2579,2580,19783,0.0037,0,0,2580
465,true,199.539105,178,4097,1468,578,579,4097,0.0009,0,0,579
466,true,317.220346,270,32648,9309,4285,4286,32648,0.0067,0,0,4286
467,true,203.166522,175,7910,3120,1045,1046,7910,0.0018,0,0,1046
468,true,199.509668,173,3844,1282,535,536,3844,0.0009,0,0,536
469,true,221.166522,193,11747,4232,1579,1580,11747,0.0025,0,0,1580
470,true,197.450793,161,1214,621,191,192,1214,0.0004,0,0,192
471,true,193.166522,165,12436,4246,1645,1646,12436,0.0029,0,0,1646
472,true,230.379726,196,4744,1774,668,669,4744,0.0014,0,0,669
473,true,220.592929,180,2295,1020,332,333,2295,0.001,0,0,333
474,true,205.894444,174,16473,5848,2182,2183,16473,0.0045,0,0,2183
475,true,203.308658,171,7360,2741,996,997,7360,0.0019,0,0,997
476,true,199.107648,161,1216,633,190,191,1216,0.0005,0,0,191
477,true,196.769553,186,1626,654,228,229,1626,0.0005,0,0,229
478,true,225.63456,178,2018,902,298,299,2018,0.0006,0,0,299
479,true,216.764502,177,33627,8846,4441,4442,33627,0.007,0,0,4442
480,true,206.722871,174,15022,5091,2004,2005,15022,0.0031,0,0,2005
481,true,214.651804,184,8176,3239,1085,1086,8176,0.0018,0,0,1086
482,true,195.811183,178,1857,743,254,255,1857,0.0005,0,0,255
483,true,197.965512,164,20019,4558,2609,2610,20019,0.0035,0,0,2610
484,true,201.764502,162,8233,2988,1109,1110,8233,0.0018,0,0,1110
485,true,205.811183,188,3325,1224,464,465,3325,0.0008,0,0,465
486,true,234.279221,197,3544,1416,515,516,3544,0.0008,0,0,516
487,true,207.325902,192,4298,1640,578,579,4298,0.001,0,0,579
488,true,223.521861,185,18218,6152,2407,2408,18218,0.0038,0,0,2408
489,true,201.752309,174,2024,856,311,312,2024,0.0005,0,0,312
490,true,327.149278,282,36123,9578,4740,4741,36123,0.007,0,0,4741
491,true,237.03658,201,10643,3720,1430,1431,10643,0.0023,0,0,1431
492,true,204.764502,165,1381,702,202,203,1381,0.0004,0,0,203
493,true,226.793939,192,8311,3075,1127,1128,8311,0.0022,0,0,1128
494,true,248.83557,207,15019,5581,1992,1993,15019,0.0041,0,0,1993
495,true,202.124892,181,18873,4035,2460,2461,18873,0.0035,0,0,2461
496,true,205.450793,169,1297,654,182,183,1297,0.0005,0,0,183
497,true,217.178716,177,6636,2643,880,881,6636,0.0019,0,0,881
498,true,201.166522,173,20921,6496,2729,2730,20921,0.0041,0,0,2730
499,true,200.480231,169,13573,4083,1762,1763,13573,0.0026,0,0,1763
500,true,234.07821,191,3838,1583,530,531,3838,0.0009,0,0,531
501,true,212.894444,181,1747,783,249,250,1747,0.0005,0,0,250
502,true,209.551299,176,26801,8402,3539,3540,26801,0.0054,0,0,3540
503,true,278.320851,234,36084,11536,4696,4697,36084,0.0075,0,0,4697
504,true,212.07821,169,1275,681,181,182,1275,0.0004,0,0,182
505,true,223.421356,182,39192,10239,5171,5172,39192,0.0079,0,0,5172
506,true,241.752309,214,3066,1162,461,462,3066,0.0008,0,0,462
507,true,344.190909,292,35278,9994,4630,4631,35278,0.0082,0,0,4631
508,true,222.409163,193,13705,4889,1824,1825,13705,0.0036,0,0,1825
509,true,253.806133,207,8258,3266,1125,1126,8258,0.0024,0,0,1126
510,true,235.823376,206,3000,1134,445,446,3000,0.001,0,0,446
511,true,237.735065,193,17710,6305,2346,2347,17710,0.0039,0,0,2347
512,true,217.793939,183,14490,5439,1900,1901,14490,0.0031,0,0,1901
513,true,209.769553,199,11690,3047,1543,1544,11690,0.0022,0,0,1544
514,true,221.279221,184,1830,852,282,283,1830,0.0005,0,0,283
515,true,225.622366,190,21774,7818,2881,2882,21774,0.0047,0,0,2882
516,true,212.764502,173,3958,1505,545,546,3958,0.001,0,0,546
517,true,222.953319,201,2405,937,368,369,2405,0.0006,0,0,369
518,true,217.338095,190,3494,1143,487,488,3494,0.0008,0,0,488
519,true,209.63961,191,12050,3568,1590,1591,12050,0.0023,0,0,1591
520,true,214.07821,171,1260,673,184,185,1260,0.0004,0,0,185
521,true,219.806133,173,1284,697,187,188,1284,0.0004,0,0,188
522,true,238.906638,195,29342,8510,3880,3881,29342,0.006,0,0,3881
523,true,217.23759,187,4735,1746,658,659,4735,0.0011,0,0,659
524,true,213.137085,180,13654,4331,1772,1773,13654,0.0026,0,0,1773
525,true,227.651804,197,12734,5028,1680,1681,12734,0.0027,0,0,1681
526,true,251.178716,211,4950,1872,690,691,4950,0.0012,0,0,691
527,true,338.83557,297,28248,7758,3698,3699,28248,0.0065,0,0,3699
528,true,225.367532,203,11907,4622,1584,1585,11907,0.0032,0,0,1585
529,true,220.509668,194,8335,2874,1119,1120,8335,0.0022,0,0,1120
530,true,219.178716,179,6228,2685,828,829,6228,0.0018,0,0,829
531,true,237.421356,196,8128,3265,1097,1098,8128,0.0019,0,0,1098
532,true,220.007143,179,2359,1050,328,329,2359,0.0006,0,0,329
533,true,237.107648,199,17572,5858,2334,2335,17572,0.0037,0,0,2335
534,true,226.03658,190,4260,1770,572,573,4260,0.0011,0,0,573
535,true,237.965512,204,9694,3681,1315,1316,9694,0.0022,0,0,1316
536,true,231.521861,193,16124,5578,2148,2149,16124,0.0034,0,0,2149
537,true,242.350288,203,9015,3497,1216,1217,9015,0.002,0,0,1217
538,true,235.865007,199,17543,5675,2331,2332,17543,0.0037,0,0,2332
539,true,259.592929,219,3885,1560,551,552,3885,0.0009,0,0,552
540,true,247.03658,211,15826,5509,2115,2116,15826,0.0033,0,0,2116
541,true,222.852814,198,16672,5635,2201,2202,16672,0.0033,0,0,2202
542,true,261.291414,212,4997,1954,688,689,4997,0.0012,0,0,689
543,true,241.308658,209,10842,4355,1418,1419,10842,0.0024,0,0,1419
544,true,225.450793,189,3819,1483,549,550,3819,0.0009,0,0,550
545,true,235.137085,202,12602,4923,1655,1656,12602,0.0027,0,0,1656
546,true,225.279221,188,1474,726,199,200,1474,0.0004,0,0,200
547,true,230.154329,214,3793,1419,516,517,3793,0.0009,0,0,517
548,true,227.735065,183,1776,864,255,256,1776,0.0005,0,0,256
549,true,220.936075,182,12541,3216,1642,1643,12541,0.0023,0,0,1643
550,true,221.521861,183,12585,3274,1646,1647,12585,0.0023,0,0,1647
551,true,258.149278,213,23489,8071,3104,3105,23489,0.0051,0,0,3105
552,true,222.178716,182,29192,7265,3855,3856,29192,0.0064,0,0,3856
553,true,224.698485,216,11528,2556,1523,1524,11528,0.0026,0,0,1524
554,true,244.166522,216,2884,1128,427,428,2884,0.0009,0,0,428
555,true,230.764502,191,2500,1082,357,358,2500,0.0009,0,0,358
556,true,229.610173,206,1585,696,233,234,1585,0.0006,0,0,234
557,true,229.521861,191,7327,2677,1000,1001,7327,0.0021,0,0,1001
558,true,225.066017,194,23048,6461,2997,2998,23048,0.0045,0,0,2998
559,true,244.592929,204,19120,7149,2522,2523,19120,0.0043,0,0,2523
560,true,225.455844,218,3651,1341,486,487,3651,0.0008,0,0,487
561,true,241.622366,206,2310,969,346,347,2310,0.0006,0,0,347
562,true,242.195959,219,10746,4210,1416,1417,10746,0.0023,0,0,1417
563,true,235.007143,194,5498,1824,735,736,5498,0.0011,0,0,736
564,true,230.663997,188,15017,5702,1962,1963,15017,0.0031,0,0,1963
565,true,238.710678,218,6350,2415,853,854,6350,0.0015,0,0,854
566,true,267.007143,226,5168,1891,727,728,5168,0.0012,0,0,728
567,true,234.911688,220,8476,2493,1133,1134,8476,0.0018,0,0,1134
568,true,235.693434,198,12385,4314,1660,1661,12385,0.0025,0,0,1661
569,true,235.254834,222,2343,912,324,325,2343,0.0006,0,0,325
570,true,261.07821,218,15213,5552,2028,2029,15213,0.0033,0,0,2029
571,true,241.225397,223,4666,1826,640,641,4666,0.0011,0,0,641
572,true,236.426407,224,3582,1334,488,489,3582,0.0009,0,0,489
573,true,251.338095,224,5434,1654,745,746,5434,0.0012,0,0,746
574,true,235.740115,220,3635,1371,490,491,3635,0.0009,0,0,491
575,true,236.066017,205,22795,6014,2966,2967,22795,0.0048,0,0,2967
576,true,275.83557,234,9062,3318,1208,1209,9062,0.0025,0,0,1209
577,true,261.663997,219,9408,3566,1285,1286,9408,0.0026,0,0,1286
578,true,253.291414,204,2629,1140,387,388,2629,0.0009,0,0,388
579,true,282.007143,241,4256,1575,614,615,4256,0.0013,0,0,615
580,true,266.806133,220,9961,3807,1356,1357,9961,0.0028,0,0,1357
581,true,238.220346,191,12455,3288,1634,1635,12455,0.0023,0,0,1635
582,true,249.793939,215,4384,1737,620,621,4384,0.001,0,0,621
583,true,251.722871,219,3290,1291,467,468,3290,0.0008,0,0,468
584,true,238.551299,205,23482,5360,3059,3060,23482,0.0044,0,0,3060
585,true,247.705627,198,4191,1808,565,566,4191,0.001,0,0,566
586,true,239.178716,199,24284,4564,3168,3169,24284,0.0042,0,0,3169
587,true,265.994949,237,4006,1507,554,555,4006,0.001,0,0,555
588,true,248.421356,207,3897,1662,554,555,3897,0.001,0,0,555
589,true,252.923882,226,2879,1128,430,431,2879,0.0007,0,0,431
590,true,245.362482,194,14916,5897,1949,1950,14916,0.0032,0,0,1950
591,true,263.308658,231,2690,1087,404,405,2690,0.0007,0,0,405
592,true,256.521861,218,10479,4097,1398,1399,10479,0.0023,0,0,1399
593,true,289.462987,241,8324,3118,1142,1143,8324,0.0018,0,0,1143
594,true,271.409163,242,5475,2002,773,774,5475,0.0013,0,0,774
595,true,254.07821,211,23846,6909,3103,3104,23846,0.0045,0,0,3104
596,true,267.722871,235,8034,2992,1084,1085,8034,0.0018,0,0,1085
597,true,252.350288,213,20391,6845,2655,2656,20391,0.0042,0,0,2656
598,true,260.509668,234,3249,1266,466,467,3249,0.0008,0,0,467
599,true,253.764502,214,10147,4032,1332,1333,10147,0.0022,0,0,1333
600,true,286.203102,222,10971,4121,1474,1475,10971,0.0024,0,0,1475
601,true,255.63456,208,2210,1029,314,315,2210,0.0006,0,0,315
602,true,250.551299,217,10324,3713,1374,1375,10324,0.0022,0,0,1375
603,true,269.551299,236,6613,2502,929,930,6613,0.0018,0,0,930
604,true,251.379726,217,3941,1547,560,561,3941,0.0013,0,0,561
605,true,264.8772,216,3084,1299,449,450,3084,0.001,0,0,450
606,true,292.232539,233,7040,2764,955,956,7040,0.0021,0,0,956
607,true,264.480231,233,3313,1305,475,476,3313,0.0011,0,0,476
608,true,297.960461,235,9134,3652,1240,1241,9134,0.0022,0,0,1241
609,true,248.421356,207,13095,3852,1716,1717,13095,0.0031,0,0,1717
610,true,261.066017,230,2554,1035,393,394,2554,0.0007,0,0,394
611,true,267.480231,236,5385,2126,729,730,5385,0.0013,0,0,730
612,true,287.605122,235,16123,5552,2134,2135,16123,0.0034,0,0,2135
613,true,266.362482,215,24007,7531,3169,3170,24007,0.0047,0,0,3170
614,true,285.592929,245,3264,1335,462,463,3264,0.0009,0,0,463
615,true,253.8772,205,2288,1063,326,327,2288,0.0007,0,0,327
616,true,261.053824,242,6603,2495,884,885,6603,0.0015,0,0,885
617,true,263.480231,232,4093,1540,567,568,4093,0.001,0,0,568
618,true,265.806133,219,25938,7873,3421,3422,25938,0.0052,0,0,3422
619,true,257.592929,217,10083,3987,1324,1325,10083,0.0022,0,0,1325
620,true,256.007143,215,22009,6842,2864,2865,22009,0.0043,0,0,2865
621,true,253.769553,243,11949,2709,1577,1578,11949,0.0022,0,0,1578
622,true,257.320851,213,11640,4137,1559,1560,11640,0.0026,0,0,1560
623,true,268.906638,225,3875,1540,550,551,3875,0.001,0,0,551
624,true,294.119841,244,9409,3765,1280,1281,9409,0.0022,0,0,1281
625,true,275.007143,234,8271,3085,1148,1149,8271,0.0018,0,0,1149
626,true,280.220346,233,9715,3761,1301,1302,9715,0.0022,0,0,1302
627,true,289.404112,231,4919,2052,670,671,4919,0.0012,0,0,671
628,true,268.693434,231,18851,6602,2482,2483,18851,0.004,0,0,2483
629,true,256.208153,221,22904,5499,2980,2981,22904,0.0043,0,0,2981
630,true,263.066017,232,13964,4097,1863,1864,13964,0.0034,0,0,1864
631,true,288.308658,256,5048,1844,703,704,5048,0.0015,0,0,704
632,true,303.261977,249,4657,1850,658,659,4657,0.0015,0,0,659
633,true,273.722871,241,4814,1947,653,654,4814,0.0016,0,0,654
634,true,280.249783,238,15421,5655,2051,2052,15421,0.0039,0,0,2052
635,true,266.793939,232,20896,6825,2723,2724,20896,0.0042,0,0,2724
636,true,267.296465,247,6430,2447,870,871,6430,0.0014,0,0,871
637,true,288.261977,234,11750,4230,1577,1578,11750,0.0025,0,0,1578
638,true,256.208153,221,14212,4586,1845,1846,14212,0.0028,0,0,1846
639,true,271.190909,219,4244,1811,579,580,4244,0.001,0,0,580
640,true,266.509668,240,11165,3587,1479,1480,11165,0.0022,0,0,1480
641,true,277.279221,240,13797,4505,1841,1842,13797,0.0028,0,0,1842
642,true,306.918831,251,8898,3360,1219,1220,8898,0.0019,0,0,1220
643,true,310.504617,255,7157,2742,993,994,7157,0.0017,0,0,994
644,true,299.847763,246,11275,4129,1503,1504,11275,0.0024,0,0,1504
645,true,266.497475,252,3989,1483,548,549,3989,0.001,0,0,549
646,true,295.190909,243,22472,7125,2963,2964,22472,0.0047,0,0,2964
647,true,305.119841,255,7701,2927,1056,1057,7701,0.0019,0,0,1057
648,true,271.320851,227,5687,2107,789,790,5687,0.0013,0,0,790
649,true,276.776695,225,9390,3739,1234,1235,9390,0.002,0,0,1235
650,true,273.208153,238,10835,3080,1458,1459,10835,0.0027,0,0,1459
651,true,273.622366,238,16970,5224,2242,2243,16970,0.0041,0,0,2243
652,true,277.83557,236,8568,3157,1150,1151,8568,0.0024,0,0,1151
653,true,279.107648,241,5778,2154,799,800,5778,0.0017,0,0,800
654,true,325.019336,272,6251,2394,852,853,6251,0.0016,0,0,853
655,true,266.149278,221,25201,8071,3278,3279,25201,0.005,0,0,3279
656,true,287.83557,246,6292,2464,888,889,6292,0.0015,0,0,889
657,true,316.149278,271,5218,1986,715,716,5218,0.0012,0,0,716
658,true,304.119841,254,9296,3710,1269,1270,9296,0.0021,0,0,1270
659,true,300.320851,256,13575,5072,1828,1829,13575,0.003,0,0,1829
660,true,281.362482,230,5190,2069,717,718,5190,0.0013,0,0,718
661,true,273.07821,230,16082,5585,2153,2154,16082,0.0036,0,0,2154
662,true,307.889394,247,7580,2944,1000,1001,7580,0.0018,0,0,1001
663,true,280.534055,230,10426,3745,1370,1371,10426,0.0021,0,0,1371
664,true,277.776695,226,7202,2700,986,987,7202,0.0017,0,0,987
665,true,271.906638,228,24621,7686,3201,3202,24621,0.0049,0,0,3202
666,true,275.605122,223,4031,1683,561,562,4031,0.0009,0,0,562
667,true,277.83557,236,22889,6185,2985,2986,22889,0.0042,0,0,2986
668,true,277.563492,232,7045,2098,942,943,7045,0.0015,0,0,943
669,true,276.592929,236,10623,3606,1417,1418,10623,0.0022,0,0,1418
670,true,295.362482,244,6174,2428,864,865,6174,0.0016,0,0,865
671,true,288.83557,247,19271,6547,2536,2537,19271,0.0038,0,0,2537
672,true,291.07821,248,17876,6598,2357,2358,17876,0.0043,0,0,2358
673,true,291.048773,243,12934,4592,1740,1741,12934,0.0035,0,0,1741
674,true,325.090404,270,7301,2803,1013,1014,7301,0.0022,0,0,1014
675,true,282.362482,231,5718,2177,790,791,5718,0.0018,0,0,791
676,true,284.350288,245,6221,2370,870,871,6221,0.0018,0,0,871
677,true,283.63961,265,3798,1446,533,534,3798,0.0009,0,0,534
678,true,280.350288,241,10038,3629,1381,1382,10038,0.0022,0,0,1382
679,true,292.793939,258,12497,4880,1658,1659,12497,0.0027,0,0,1659
680,true,282.534055,232,7762,2938,1056,1057,7762,0.0018,0,0,1057
681,true,282.521861,244,12447,4359,1687,1688,12447,0.0026,0,0,1688
682,true,286.509668,260,14693,5222,1926,1927,14693,0.003,0,0,1927
683,true,294.119841,244,5450,2162,762,763,5450,0.0014,0,0,763
684,true,341.132034,279,4762,1929,675,676,4762,0.0013,0,0,676
685,true,337.47518,277,17469,6064,2325,2326,17469,0.0037,0,0,2326
686,true,314.847763,261,22587,8350,2997,2998,22587,0.0049,0,0,2998
687,true,340.931024,273,9427,3691,1285,1286,9427,0.0022,0,0,1286
688,true,300.220346,253,15462,5396,2069,2070,15462,0.0032,0,0,2070
689,true,318.090404,263,12734,4935,1723,1724,12734,0.0029,0,0,1724
690,true,296.480231,265,11977,4632,1580,1581,11977,0.0027,0,0,1581
691,true,293.296465,273,12882,4924,1695,1696,12882,0.0027,0,0,1696
692,true,295.521861,257,8953,3418,1246,1247,8953,0.002,0,0,1247
693,true,312.747258,256,10469,3932,1428,1429,10469,0.0022,0,0,1429
694,true,297.764502,258,8846,3376,1233,1234,8846,0.0021,0,0,1234
695,true,339.374675,276,12538,4498,1686,1687,12538,0.0027,0,0,1687
696,true,328.362482,277,8442,3152,1172,1173,8442,0.0019,0,0,1173
697,true,300.303607,239,7755,3195,1025,1026,7755,0.0018,0,0,1026
698,true,307.47518,247,4525,1926,625,626,4525,0.0011,0,0,626
699,true,343.575685,286,7930,2998,1099,1100,7930,0.0018,0,0,1100
700,true,311.534055,261,13059,4631,1756,1757,13059,0.0028,0,0,1757
701,true,319.244733,248,6469,2615,889,890,6469,0.0016,0,0,890
702,true,295.722871,263,11222,4235,1484,1485,11222,0.0029,0,0,1485
703,true,296.095454,270,6559,2507,879,880,6559,0.0019,0,0,880
704,true,329.07821,286,3282,1347,494,495,3282,0.0012,0,0,495
705,true,292.296465,272,6652,2496,899,900,6652,0.0018,0,0,900
706,true,337.747258,281,7925,3011,1096,1097,7925,0.0023,0,0,1097
707,true,297.149278,252,20231,6864,2690,2691,20231,0.0044,0,0,2691
708,true,311.178716,271,11921,4812,1572,1573,11921,0.0026,0,0,1573
709,true,333.303607,272,14872,5257,1987,1988,14872,0.0032,0,0,1988
710,true,325.936075,287,4241,1671,629,630,4241,0.0011,0,0,630
711,true,303.119841,253,10961,4427,1436,1437,10961,0.0025,0,0,1437
712,true,309.63456,262,11023,4415,1476,1477,11023,0.0025,0,0,1477
713,true,335.977705,290,4702,1808,654,655,4702,0.0011,0,0,655
714,true,334.391919,288,3909,1586,554,555,3909,0.001,0,0,555
715,true,341.788889,278,10954,4043,1482,1483,10954,0.0024,0,0,1483
716,true,290.735065,246,25536,8163,3324,3325,25536,0.0051,0,0,3325
717,true,333.07821,290,3915,1586,583,584,3915,0.001,0,0,584
718,true,298.539105,277,4624,1615,665,666,4624,0.0011,0,0,666
719,true,320.161472,263,8956,3445,1235,1236,8956,0.0021,0,0,1236
720,true,320.320851,276,17616,5801,2327,2328,17616,0.0037,0,0,2328
721,true,310.575685,253,7399,3030,993,994,7399,0.0017,0,0,994
722,true,377.002092,307,9749,3687,1344,1345,9749,0.0023,0,0,1345
723,true,366.3158,293,12766,4688,1717,1718,12766,0.0028,0,0,1718
724,true,345.362482,294,3239,1362,495,496,3239,0.0009,0,0,496
725,true,332.977705,287,3350,1389,485,486,3350,0.0009,0,0,486
726,true,308.333044,252,10321,4244,1350,1351,10321,0.0024,0,0,1351
727,true,309.024387,285,6239,2311,874,875,6239,0.0014,0,0,875
728,true,303.296465,283,6835,2578,922,923,6835,0.0015,0,0,923
729,true,320.119841,270,14606,5609,1949,1950,14606,0.0032,0,0,1950
730,true,340.149278,295,5159,1953,716,717,5159,0.0012,0,0,717
731,true,341.717821,280,12046,4381,1622,1623,12046,0.0026,0,0,1623
732,true,329.806133,283,14734,5038,1953,1954,14734,0.0031,0,0,1954
733,true,363.27417,297,9053,3426,1248,1249,9053,0.002,0,0,1249
734,true,320.847763,267,10970,4426,1464,1465,10970,0.0032,0,0,1465
735,true,354.830519,284,19375,6609,2565,2566,19375,0.0052,0,0,2566
736,true,311.492424,268,11054,4419,1452,1453,11054,0.0031,0,0,1453
737,true,322.688383,256,6018,2483,812,813,6018,0.0015,0,0,813
738,true,303.764502,264,22503,6954,2928,2929,22503,0.0045,0,0,2929
739,true,392.014285,310,10975,4232,1493,1494,10975,0.0025,0,0,1494
740,true,304.124892,283,6835,2239,927,928,6835,0.0015,0,0,928
741,true,308.267027,283,6395,2417,866,867,6395,0.0015,0,0,867
742,true,322.534055,272,10987,4420,1462,1463,10987,0.0025,0,0,1463
743,true,308.752309,281,4097,1585,564,565,4097,0.001,0,0,565
744,true,383.771645,303,11105,4249,1504,1505,11105,0.0025,0,0,1505
745,true,323.906638,280,11711,4651,1545,1546,11711,0.0026,0,0,1546
746,true,339.391919,293,4971,1862,716,717,4971,0.0012,0,0,717
747,true,342.646753,283,8051,3137,1115,1116,8051,0.0019,0,0,1116
748,true,308.367532,286,12377,3575,1650,1651,12377,0.0024,0,0,1651
749,true,351.244733,280,23660,7807,3120,3121,23660,0.0049,0,0,3121
750,true,349.161472,292,6744,2559,933,934,6744,0.0016,0,0,934
751,true,350.977705,305,4883,1869,696,697,4883,0.0013,0,0,697
752,true,326.066017,295,6071,2336,856,857,6071,0.0014,0,0,857
753,true,345.587878,276,5714,2385,775,776,5714,0.0015,0,0,776
754,true,353.416306,283,26380,8381,3480,3481,26380,0.0069,0,0,3481
755,true,332.788889,269,6649,2613,917,918,6649,0.0021,0,0,918
756,true,397.416306,327,8273,3183,1145,1146,8273,0.0024,0,0,1146
757,true,345.889394,285,20897,6800,2762,2763,20897,0.0044,0,0,2763
758,true,342.244733,271,5849,2360,807,808,5849,0.0015,0,0,808
759,true,309.024387,285,4189,1604,575,576,4189,0.001,0,0,576
760,true,312.367532,290,4280,1632,582,583,4280,0.001,0,0,583
761,true,344.717821,283,8324,3251,1153,1154,8324,0.0019,0,0,1154
762,true,360.173665,291,22980,7607,3039,3040,22980,0.0048,0,0,3040
763,true,318.852814,294,4089,1576,591,592,4089,0.001,0,0,592
764,true,326.107648,288,11901,4721,1570,1571,11901,0.0026,0,0,1571
765,true,313.63961,295,12704,3509,1682,1683,12704,0.0024,0,0,1683
766,true,323.651804,293,6934,2648,932,933,6934,0.0016,0,0,933
767,true,329.504617,274,11527,4638,1534,1535,11527,0.0026,0,0,1535
768,true,328.066017,297,12244,4750,1627,1628,12244,0.0027,0,0,1628
769,true,358.617316,294,13514,4840,1817,1818,13514,0.0029,0,0,1818
770,true,330.931024,263,5578,2365,761,762,5578,0.0014,0,0,762
771,true,318.539105,297,4116,1571,567,568,4116,0.001,0,0,568
772,true,364.504617,309,6523,2514,896,897,6523,0.0015,0,0,897
773,true,371.658946,300,11491,4238,1561,1562,11491,0.0026,0,0,1562
774,true,351.333044,295,8346,3128,1127,1128,8346,0.0019,0,0,1128
775,true,330.651804,300,12901,4991,1712,1713,12901,0.0028,0,0,1713
776,true,353.320851,309,4081,1578,622,623,4081,0.001,0,0,623
777,true,370.303607,309,8160,3143,1122,1123,8160,0.0019,0,0,1123
778,true,333.350288,294,11313,4487,1498,1499,11313,0.0027,0,0,1499
779,true,333.592929,293,12559,4898,1661,1662,12559,0.0036,0,0,1662
780,true,366.161472,309,3957,1643,568,569,3957,0.0014,0,0,569
781,true,356.546248,294,25201,7859,3330,3331,25201,0.0066,0,0,3331
782,true,334.338095,307,7214,2757,976,977,7214,0.0016,0,0,977
783,true,373.801082,298,22598,7448,2990,2991,22598,0.0047,0,0,2991
784,true,325.468037,306,11886,4152,1606,1607,11886,0.0024,0,0,1607
785,true,332.580736,304,6491,2522,903,904,6491,0.0016,0,0,904
786,true,322.953319,301,12873,4112,1709,1710,12873,0.0026,0,0,1710
787,true,381.759451,313,9084,3523,1249,1250,9084,0.0021,0,0,1250
788,true,370.859956,305,13892,4970,1878,1879,13892,0.003,0,0,1879
789,true,357.563492,312,3407,1387,531,532,3407,0.0009,0,0,532
790,true,383.558441,309,10944,4164,1482,1483,10944,0.0025,0,0,1483
791,true,341.308658,309,13674,5341,1802,1803,13674,0.0038,0,0,1803
792,true,322.852814,298,3853,1501,542,543,3853,0.0012,0,0,543
793,true,360.11479,281,6991,2842,962,963,6991,0.0022,0,0,963
794,true,405.055916,316,10832,4229,1469,1470,10832,0.0031,0,0,1470
795,true,344.391919,298,11909,4736,1573,1574,11909,0.003,0,0,1574
796,true,377.416306,307,10597,3982,1454,1455,10597,0.0024,0,0,1455
797,true,355.63456,308,11575,4074,1577,1578,11575,0.0025,0,0,1578
798,true,334.095454,308,12104,4348,1650,1651,12104,0.0025,0,0,1651
799,true,403.901587,331,8515,3297,1185,1186,8515,0.002,0,0,1186
800,true,374.658946,303,17652,6112,2354,2355,17652,0.004,0,0,2355
801,true,381.629509,305,24146,7812,3199,3200,24146,0.005,0,0,3200
802,true,412.457936,335,9767,3763,1338,1339,9767,0.0023,0,0,1339
803,true,385.989899,328,6575,2519,922,923,6575,0.0016,0,0,923
804,true,377.345238,309,14162,5079,1897,1898,14162,0.003,0,0,1898
805,true,388.173665,319,9429,3625,1299,1300,9429,0.0023,0,0,1300
806,true,376.587878,307,12575,4644,1687,1688,12575,0.0028,0,0,1688
807,true,348.379726,314,13319,5288,1774,1775,13319,0.0031,0,0,1775
808,true,339.23759,309,13754,5314,1819,1820,13754,0.0038,0,0,1820
809,true,331.740115,316,12451,2700,1657,1658,12451,0.0029,0,0,1658
810,true,362.457936,285,6656,2696,922,923,6656,0.0022,0,0,923
811,true,347.137085,314,14000,5437,1853,1854,14000,0.0038,0,0,1854
812,true,385.3158,312,12746,4655,1727,1728,12746,0.0028,0,0,1728
813,true,346.965512,313,6917,2665,943,944,6917,0.0016,0,0,944
814,true,382.286363,304,29207,9084,3860,3861,29207,0.0065,0,0,3861
815,true,384.261977,330,6957,2642,970,971,6957,0.0018,0,0,971
816,true,340.124892,319,12081,3041,1634,1635,12081,0.0023,0,0,1635
817,true,338.823376,309,4295,1666,619,620,4295,0.0011,0,0,620
818,true,396.27417,330,6215,2415,865,866,6215,0.0015,0,0,866
819,true,391.759451,323,9160,3527,1253,1254,9160,0.0022,0,0,1254
820,true,343.551299,310,13183,5102,1739,1740,13183,0.0029,0,0,1740
821,true,414.227489,326,11218,4354,1521,1522,11218,0.0026,0,0,1522
822,true,355.663997,313,12986,5111,1724,1725,12986,0.0029,0,0,1725
823,true,389.901587,317,12304,4486,1671,1672,12304,0.0027,0,0,1672
824,true,350.965512,317,13709,5388,1811,1812,13709,0.0031,0,0,1812
825,true,406.830519,336,8671,3376,1200,1201,8671,0.0025,0,0,1201
826,true,391.558441,317,12413,4518,1685,1686,12413,0.0034,0,0,1686
827,true,343.651804,313,13648,5124,1807,1808,13648,0.0037,0,0,1808
828,true,349.793939,315,13516,5233,1781,1782,13516,0.0031,0,0,1782
829,true,337.823376,308,13083,4284,1729,1730,13083,0.0026,0,0,1730
830,true,423.499567,339,9564,3712,1313,1314,9564,0.0022,0,0,1314
831,true,423.428499,341,9587,3731,1321,1322,9587,0.0022,0,0,1322
832,true,430.043723,353,8717,3367,1212,1213,8717,0.002,0,0,1213
833,true,346.651804,316,7215,2562,1024,1025,7215,0.0018,0,0,1025
834,true,346.722871,314,13299,5153,1748,1749,13299,0.004,0,0,1749
835,true,393.943217,314,26682,8489,3533,3534,26682,0.0071,0,0,3534
836,true,417.144228,343,8729,3410,1209,1210,8729,0.0021,0,0,1210
837,true,359.622366,324,14040,5510,1856,1857,14040,0.003,0,0,1857
838,true,346.823376,317,12890,4471,1732,1733,12890,0.0026,0,0,1733
839,true,386.830519,316,27159,8363,3597,3598,27159,0.0057,0,0,3598
840,true,346.024387,322,12626,3469,1701,1702,12626,0.0025,0,0,1702
841,true,390.516811,323,24757,7696,3282,3283,24757,0.0053,0,0,3283
842,true,403.144228,329,11189,4186,1538,1539,11189,0.0025,0,0,1539
843,true,396.529004,317,28319,8911,3747,3748,28319,0.0059,0,0,3748
844,true,396.801082,321,17778,6128,2376,2377,17778,0.0038,0,0,2377
845,true,413.386868,338,9761,3775,1343,1344,9761,0.0022,0,0,1344
846,true,352.4386,328,12545,3084,1697,1698,12545,0.0024,0,0,1698
847,true,397.730014,324,13034,4736,1774,1775,13034,0.0028,0,0,1775
848,true,355.965512,322,13466,4907,1809,1810,13466,0.0029,0,0,1810
849,true,412.327994,327,13356,4954,1806,1807,13356,0.0033,0,0,1807
850,true,360.551299,327,14005,5495,1854,1855,14005,0.0038,0,0,1855
851,true,366.137085,333,13633,5275,1817,1818,13633,0.0038,0,0,1818
852,true,355.580736,327,12784,3615,1718,1719,12784,0.0032,0,0,1719
853,true,436.014285,354,9442,3661,1306,1307,9442,0.0022,0,0,1307
854,true,438.499567,354,9783,3791,1349,1350,9783,0.0023,0,0,1350
855,true,407.801082,332,13077,4804,1766,1767,13077,0.0029,0,0,1767
856,true,437.156421,351,10098,3942,1388,1389,10098,0.0023,0,0,1389
857,true,365.208153,330,14015,5500,1855,1856,14015,0.0032,0,0,1856
858,true,401.043723,324,23932,7966,3174,3175,23932,0.0066,0,0,3175
859,true,401.144228,327,20903,7239,2782,2783,20903,0.0056,0,0,2783
860,true,399.629509,323,23387,7609,3107,3108,23387,0.0051,0,0,3108
861,true,436.600072,355,9307,3625,1291,1292,9307,0.0022,0,0,1292
862,true,359.308658,327,13622,5182,1810,1811,13622,0.0028,0,0,1811
863,true,438.842712,356,9643,3735,1333,1334,9643,0.003,0,0,1334
864,true,430.742207,345,10809,4184,1482,1483,10809,0.0035,0,0,1483
865,true,373.03658,337,14030,5514,1858,1859,14030,0.0041,0,0,1859
866,true,365.137085,332,13579,5238,1801,1802,13579,0.0032,0,0,1802
867,true,363.279221,326,13634,5280,1802,1803,13634,0.003,0,0,1803
868,true,424.487373,352,8526,3312,1197,1198,8526,0.002,0,0,1198
869,true,364.651804,334,13532,5206,1799,1800,13532,0.003,0,0,1800
870,true,423.91378,339,12366,4674,1678,1679,12366,0.0028,0,0,1679
871,true,440.298557,350,10873,4238,1488,1489,10873,0.0025,0,0,1489
872,true,408.771645,328,29990,9345,3969,3970,29990,0.0061,0,0,3970
873,true,360.23759,330,13448,4634,1776,1777,13448,0.0025,0,0,1777
874,true,419.600072,338,13397,4950,1811,1812,13397,0.003,0,0,1812
875,true,367.793939,333,13575,5245,1796,1797,13575,0.0031,0,0,1797
876,true,442.91378,358,9951,3891,1372,1373,9951,0.0023,0,0,1373
877,true,417.629509,341,13625,4954,1854,1855,13625,0.003,0,0,1855
878,true,448.499567,364,9304,3606,1293,1294,9304,0.0022,0,0,1294
879,true,445.256926,362,9539,3695,1323,1324,9539,0.0022,0,0,1324
880,true,374.693434,337,13051,5100,1759,1760,13051,0.0029,0,0,1760
881,true,412.529004,333,26861,8599,3570,3571,26861,0.0059,0,0,3571
882,true,445.470129,356,10826,4217,1485,1486,10826,0.0032,0,0,1486
883,true,383.936075,345,13845,5462,1833,1834,13845,0.0039,0,0,1834
884,true,375.279221,338,13649,5315,1800,1801,13649,0.0037,0,0,1801
885,true,375.551299,342,13341,5166,1784,1785,13341,0.003,0,0,1785
886,true,454.014285,372,9495,3644,1320,1321,9495,0.0022,0,0,1321
887,true,417.972655,343,14399,5182,1947,1948,14399,0.0031,0,0,1948
888,true,372.308658,340,13438,5188,1782,1783,13438,0.003,0,0,1783
889,true,383.007143,342,13522,5379,1821,1822,13522,0.0029,0,0,1822
890,true,427.428499,345,13765,5035,1860,1861,13765,0.0032,0,0,1861
891,true,378.178716,338,11770,4375,1583,1584,11770,0.0024,0,0,1584
892,true,458.428499,376,9563,3665,1331,1332,9563,0.0023,0,0,1332
893,true,420.215295,344,14709,5244,1998,1999,14709,0.004,0,0,1999
894,true,383.421356,342,13930,5338,1871,1872,13930,0.0039,0,0,1872
895,true,430.256926,347,12896,4796,1750,1751,12896,0.0035,0,0,1751
896,true,418.185858,337,26331,8424,3501,3502,26331,0.0057,0,0,3502
897,true,382.865007,346,13945,5488,1853,1854,13945,0.003,0,0,1854
898,true,389.83557,348,13648,5410,1820,1821,13648,0.003,0,0,1821
899,true,447.570634,361,10211,3998,1405,1406,10211,0.0024,0,0,1406
900,true,379.279221,342,13695,5304,1807,1808,13695,0.0031,0,0,1808
901,true,393.806133,347,13270,5304,1778,1779,13270,0.003,0,0,1779
902,true,388.764502,349,13123,5133,1772,1773,13123,0.0029,0,0,1773
903,true,466.499567,382,9215,3563,1295,1296,9215,0.0022,0,0,1296
904,true,381.622366,346,13688,5293,1815,1816,13688,0.0031,0,0,1816
905,true,462.085353,378,9866,3812,1370,1371,9866,0.0023,0,0,1371
906,true,385.178716,345,13252,5183,1779,1780,13252,0.003,0,0,1780
907,true,386.965512,353,13549,5221,1835,1836,13549,0.0034,0,0,1836
908,true,454.683333,359,12605,4839,1714,1715,12605,0.0037,0,0,1715
909,true,378.865007,342,13397,5198,1773,1774,13397,0.0039,0,0,1774
910,true,461.014285,379,9837,3742,1375,1376,9837,0.0027,0,0,1376
